Nr_Voters,Total_Revotes,Extra_Padding,Dummies,Shuffle,Decrypt,Reencrypt,FinalShuffle,FinalOpen,FullFilter
4,12034,37746,12.00879,130.98277,9.83406,0.51813,0.02111,2.135e-05,153.39316
20,5831,44076,13.20344,300.2607,9.70847,1.13918,0.12387,0.0001453,324.46191
50,4623,45298,13.5755,620.24189,9.74279,3.14704,0.24594,0.00029454,646.98137
100,3839,45884,14.246,1130.2229,9.59607,10.04955,0.47993,0.00052671,1164.62227
